4-H Extension Associate,Research/Extension
AAD Program Director I,Alumni Affairs Development
AAD Program Director II,Alumni Affairs Development
Administrative Manager,Administration
Administrator I,Administration
Administrator II,Administration
Administrator III,Administration
Administrator III-PR,Titles - Puerto Rico
Administrator IV,Administration
Administrator V,Administration
Administrator VI,Administration
Administrator VII,Administration
Alumni Affrs Ofcr I,Alumni Affairs Development
Alumni Engagement Ofcr I,Alumni Affairs Development
Alumni Engagement Ofcr II,Alumni Affairs Development
Alumni Engagement Ofcr III,Alumni Affairs Development
Alumni Engagement Ofcr IV,Alumni Affairs Development
Alumni Engaggement Ofcr IV,Alumni Affairs Development
Andrew D. White Prof-At-Large,Academic Other
Annual Fund Officer II,Alumni Affairs Development
Annual Fund Officer III,Alumni Affairs Development
Annual Fund Officer IV,Alumni Affairs Development
Annual Fund Officer V,Alumni Affairs Development
Applications Programmer II,Information Technology
Applications Programmer III,Information Technology
Applications Programmer IV,Information Technology
Applications Sys Analyst II,Information Technology
Applications Sys Analyst III,Information Technology
Applications Sys Analyst IV,Information Technology
Archiv Assoc I,Library - Academic
Archiv Asst,Library - Academic
Archiv I,Library - Academic
Archiv II,Library - Academic
Archiv Sr Asst,Library - Academic
Area Coord Res Life,Student Services
Assistant Clinical Professor,Professorial
Assistant Coach I,Athletics
Assistant Coach II,Athletics
Assistant Golf Course Superintendent,Athletics
Assistant Ombudsperson,Administration
Assistant Registrar,Student Services
Assoc Bursar,Fin/Budget/Planning
Assoc Clinical Professor,Professorial
Assoc Controller,Fin/Budget/Planning
Assoc Dean-Continuing Ed,Student Services
Assoc Dir Athletics II,Athletics
Assoc Dir Investment,Fin/Budget/Planning
Assoc Dir Psych Svcs,Health
Assoc Judicial Admin,Student Services
Assoc Ombudsperson,Administration
Assoc Secretary of the Corp,Administration
Assoc Univ Counsel,Administration
Assoc Vice President,Administration
Assoc VP/Univ Treasurer,Fin/Budget/Planning
Associate Bursar,Fin/Budget/Planning
Associate Dir Athletics I,Athletics
Associate Judicial Administrator,Administration
Associate Ombudsperson,Administration
Associate University Counsel,Administration
Associate Vice President,Administration
Associate VP / University Treasurer,Administration
Asst Bursar,Fin/Budget/Planning
Asst Clinical Prof Visiting,Academic Other
Asst Coach I,Athletics
Asst Coach II,Athletics
"Asst Coach, M. Track/Field",Athletics
"Asst Coach, W. Fencing",Athletics
"Asst Coach, W. Field Hockey",Athletics
"Asst Coach, W. Softball",Athletics
Asst Dir Payroll,Fin/Budget/Planning
Asst Golf Course Supt,Athletics
"Asst Mgr, Banquets",Student Services
Asst Ombudsperson,Administration
Asst Superintendent,Service/Facilities
Asst Univ Counsel,Administration
"Asst. Dir., Class Programs",Alumni Affairs Development
Athletic Operations Admin I,Athletics
Athletic Operations Admin II,Athletics
Athletic Operations Administrator II,Athletics
Athletic Trainer,Athletics
Audit Director,Fin/Budget/Planning
Audit Manager,Fin/Budget/Planning
Bursar,Fin/Budget/Planning
Business Intelligence Eng III,Information Technology
Business Intelligence Eng IV,Information Technology
Business Intelligence Eng V,Information Technology
Cataloger,Library/Museum
CFC Staffing Coordinator,Health
Chef I,Student Services
Chef II,Student Services
Chef III,Student Services
Chef Manager,Student Services
Chief Cornell Police,Service/Facilities
Chief Investment Officer,Fin/Budget/Planning
Chief Preparator,Library/Museum
Clinical Professor,Professorial
Collections Specialist II,Library/Museum
College Grant/Cont Ofcr,Administration
College Grant/Contract Officer,Administration
College/Unit HR Manager,Human Resources
Communication Manager I,Communications/Marketing
Communication Manager II,Communications/Marketing
Communication Mgr I,Communications/Marketing
Communication Mgr II,Communications/Marketing
Communication Spec II,Communications/Marketing
Communication Spec III,Communications/Marketing
Communication Specialist II,Communications/Marketing
Communication Specialist III,Communications/Marketing
Conference Coordinator II,Administration
Conservation Spec,Library/Museum
Consultant/Advisor II,Information Technology
Consultant/Advisor III,Information Technology
Consultant/Advisor Lead,Information Technology
Consultant/Advisor Spec,Information Technology
Consultant/Advisor Specialist,Information Technology
Consultant/Advisor Sr,Information Technology
Controller,Fin/Budget/Planning
Coord Conference II,Administration
Coord Program I,Student Services
Coord Program II,Student Services
Coord Program III,Student Services
Coord Projects III,Service/Facilities
Coordinator of Projects III,Service/Facilities
Corporation-Foundation Ofcr II,Alumni Affairs Development
CorporationFoundation Ofcr III,Alumni Affairs Development
CorporationFoundation Ofcr IV,Alumni Affairs Development
CorporationFoundation Ofcr V,Alumni Affairs Development
Counselor Therapist I,Health
Counselor Therapist II,Health
Courtesy Instructor,Academic Other
Critic Visiting,Academic Other
Curator I,Library/Museum
Curator II,Library/Museum
Data Analyst II,Fin/Budget/Planning
Database Administrator III,Information Technology
Database Administrator IV,Information Technology
Dean,Academic Administrative
Dean Academic,Academic Administrative
Dean Assoc,Academic Administrative
Dean Grad School,Academic Administrative
Dean of Students,Student Services
Dept Chairperson,Academic Administrative
Dept Chairperson Acting,Academic Administrative
"Dept. Chairperson, Assoc",Academic Administrative
Deputy Chief Cornell Police,Service/Facilities
Deputy Judicial Administrator,Student Services
Deputy Univ Counsel,Administration
Deputy University Counsel,Administration
Development Support Ofcr II,Alumni Affairs Development
Development Support Ofcr III,Alumni Affairs Development
Development Support Ofcr IV,Alumni Affairs Development
Dining Assoc I,Student Services
Dining Assoc II,Student Services
Dining Assoc III,Student Services
Dining Assoc IV,Student Services
Dining Associate I,Student Services
Dining Associate II,Student Services
Dining Manager,Student Services
Dir Acad,Academic Administrative
Dir Acting,Academic Administrative
Dir Adv Technology Assessment,Academic Support
Dir Assistant Acad,Academic Administrative
Dir Assoc,Academic Administrative
Dir Assoc Acad,Academic Administrative
Dir Athletics,Athletics
Dir Budget,Fin/Budget/Planning
Dir Cash Mgmt,Fin/Budget/Planning
Dir Cornell Business Svcs,Administration
Dir Cornell Career Svcs,Student Services
Dir External Affairs,Administration
Dir Facilities I,Service/Facilities
Dir Financial Research Admin,Fin/Budget/Planning
Dir Govt Relations,Administration
Dir Health Svcs,Health
Dir Info Tech,Information Technology
Dir Museum,Administration
Dir Operations,Academic Support
Dir OSP,Administration
Dir Payroll,Fin/Budget/Planning
Dir Plan/Research,Fin/Budget/Planning
Dir Professional Ed Prog,Administration
Dir Program,Student Services
Dir Psych Svcs,Health
Dir Real Estate,Fin/Budget/Planning
Dir Risk Management,Fin/Budget/Planning
Dir Sales Mktg,Communications/Marketing
Dir Space Planning,Fin/Budget/Planning
Dir Univ Ministries,Student Services
Dir Univ Press,Communications/Marketing
Director,Academic Administrative
Director CARE,Health
Director Cornell Store,Administration
Director Dining Services,Student Services
Director Facilities,Service/Facilities
Director IT Audit,Information Technology
Diversity/Inclusion Spec II,Human Resources
Diversity/Inclusion Spec III,Human Resources
Diversity/Inclusion Spec IV,Human Resources
Editor II,Communications/Marketing
Editor III,Communications/Marketing
Editor IV,Communications/Marketing
Engineer Architect I,Service/Facilities
Engineer Architect II,Service/Facilities
Engineer/Architect Manager,Service/Facilities
Environ Health Spec I,Service/Facilities
Environ Health Spec II,Service/Facilities
Environ Health Spec III,Service/Facilities
Environmental Health Specialist I,Service/Facilities
Estimator,Service/Facilities
Exec Staff Asst I,Administration
Exec Staff Asst II,Administration
Exec Staff Asst III,Administration
Exec Staff Asst IV,Administration
Executive Staff Assistant I,Administration
Executive Staff Assistant II,Administration
Executive Staff Assistant III,Administration
Executives In Residence,Academic Other
Extension Associate,Research/Extension
"Extension Associate,Sr",Research/Extension
Extension Supp Spec I,Academic Support
Extension Supp Spec II,Academic Support
Extension Supp Spec III,Academic Support
Extension Supp Spec IV,Academic Support
Extension Support Specialist I,Research/Extension
Extension Support Specialist II,Research/Extension
Extension Support Specialist III,Research/Extension
Facilities Coord Projects II,Service/Facilities
Facilities Coord Projects III,Service/Facilities
Facilities Designer I,Service/Facilities
Facilities Designer II,Service/Facilities
Facilities Manager I,Service/Facilities
Facilities Manager II,Service/Facilities
Facilities Mgr Projects I,Service/Facilities
Facilities Mgr Projects II,Service/Facilities
Facilities Supervisor I,Service/Facilities
Farm Supervisor II,Service/Facilities
Fellow Postdoc,Academic Other
Fellow Provost,Academic Other
Fellow Visiting,Academic Other
Finance Manager I,Fin/Budget/Planning
Finance Manager II,Fin/Budget/Planning
Finance Manager III,Fin/Budget/Planning
Finance Specialist I,Fin/Budget/Planning
Finance Specialist II,Fin/Budget/Planning
Finance Specialist III,Fin/Budget/Planning
Finance Specialist IV,Fin/Budget/Planning
Financial Analyst,Fin/Budget/Planning
Gannett Resident,Health
General Merchandising Mgr,Administration
Gift Associate II,Alumni Affairs Development
Gift Planning Ofcr III,Alumni Affairs Development
Gift Planning Ofcr IV,Alumni Affairs Development
Gift Planning Ofcr V,Alumni Affairs Development
Golf Course Superintendent,Athletics
Golf Course Supt,Athletics
Governmental Assoc,Administration
Graduate Student,Academic Other
Grant Contract Associate,Administration
Grant Contract Ofcr I,Administration
Grant Contract Ofcr II,Administration
Grant Contract Ofcr III,Administration
Grant/Contract Ofcr III,Fin/Budget/Planning
Grant/Contract Officer I,Fin/Budget/Planning
Grant/Contract Officer II,Fin/Budget/Planning
Graphic Designer II,Communications/Marketing
Graphic Designer III,Communications/Marketing
Greenhouse and Grounds Manager,Academic Support
Head Athletic Trainer,Athletics
Head Coach I,Athletics
Head Coach II,Athletics
"Head Coach, W. Equestrian",Athletics
"Head Coach, W. Volleyball",Athletics
Head Golf Pro,Athletics
Head Pharmacist,Health
Health Educator I,Health
Health Educator II,Health
HR Director - College/Unit,Human Resources
HR Director I - Subj Spec,Human Resources
HR Director II - Subj Spec,Human Resources
HR Generalist II,Human Resources
HR Generalist III,Human Resources
HR Generalist IV,Human Resources
HR Manager-College/Unit,Human Resources
HR Subject Specialist  II,Human Resources
HR Subject Specialist III,Human Resources
HR Subject Specialist IV,Human Resources
Info Tech Area Manager I,Information Technology
Info Tech Area Manager II,Information Technology
Info Tech Area Mgr I,Information Technology
Info Tech Area Mgr II,Information Technology
Info Tech Assoc Dir,Information Technology
Info Tech Asst Dir I,Information Technology
Info Tech Asst Dir II,Information Technology
Info Tech Engineer Spec,Information Technology
Info Tech Engineer Specialist,Information Technology
Info Tech Engineer Sr,Information Technology
Instructional Tech Spec II,Information Technology
Instructional Tech Spec III,Information Technology
Instructional Tech Spec IV,Information Technology
Instructor,Teaching
Instructor Courtesy,Academic Other
Instructor Pe,Athletics
Instructor Visiting,Academic Other
Instructor Wellness Fitness,Health
Investment Analyst,Fin/Budget/Planning
Investment Officer,Fin/Budget/Planning
IT Business Analyst III,Information Technology
IT Business Analyst IV,Information Technology
IT Operations Mgr I,Information Technology
IT Operations Mgr II,Information Technology
IT Operations Supv,Information Technology
IT Project Manager III,Information Technology
IT Project Manager IV,Information Technology
IT Project Manager V,Information Technology
IT Security Engineer III,Information Technology
IT Security Engineer IV,Information Technology
IT Security Engineer V,Information Technology
IT Support Assoc II,Information Technology
IT Support Assoc III,Information Technology
IT Support Associate II,Information Technology
IT Support Associate III,Information Technology
IT Technical Writer III,Information Technology
Judicial Admin,Student Services
Judicial Administrator,Administration
Kosher Dining,Student Services
Landscape Architect I,Service/Facilities
Lect Visit Sr,Academic Other
Lecturer,Teaching
Lecturer Courtesy,Academic Other
Lecturer Courtesy Sr,Academic Other
Lecturer Sr,Teaching
Lecturer Visit,Academic Other
Lecturer Visit Sr,Academic Other
Librarian I,Library - Academic
Librarian II,Library - Academic
"Librarian, Assistant",Library - Academic
Library Administrator II,Library/Museum
Library Administrator III,Library/Museum
Library Assoc I,Library - Academic
Library Assoc II,Library - Academic
Library Assoc Univ,Library - Academic
Library Sr Asst,Library - Academic
Library Univ,Library - Academic
Lieutenant Cornell Police,Service/Facilities
Maintenance Services Manager,Service/Facilities
Major Gifts Ofcr I,Alumni Affairs Development
Major Gifts Ofcr II,Alumni Affairs Development
Major Gifts Ofcr III,Alumni Affairs Development
Major GIfts Ofcr IV,Alumni Affairs Development
Major GIfts Ofcr V,Alumni Affairs Development
Major Gifts Officer,Alumni Affairs Development
Manager of Real Estate,Fin/Budget/Planning
Managing Dir-Statler,Administration
Managing Editor,Communications/Marketing
Mgr Facilities I,Service/Facilities
Mgr Facilities II,Service/Facilities
Mgr Farm I,Service/Facilities
Mgr Farm II,Service/Facilities
Mgr Finance I,Fin/Budget/Planning
Mgr Finance II,Fin/Budget/Planning
Mgr Finance III,Fin/Budget/Planning
Mgr Maint Svcs,Service/Facilities
Mgr Pe II,Athletics
Mgr Program,Student Services
Mgr Publ I,Communications/Marketing
Mgr Publ II,Communications/Marketing
Mgr Real Estate,Fin/Budget/Planning
Mgr Retail I,Administration
Mgr Retail II,Administration
Mgr Sales Mktg,Communications/Marketing
Mgr Tech Svcs,Academic Support
Mgr Wellness Fitness,Health
Multi Media Associate,Communications/Marketing
Multimedia Editor,Communications/Marketing
Multimedia Producer,Communications/Marketing
Multimedia Senior Producer,Communications/Marketing
Museum Assoc I,Library/Museum
Museum Assoc II,Library/Museum
Museum Associate I,Library/Museum
Museum Associate II,Library/Museum
Museum Security Supervisor,Library/Museum
Network Engineer II,Information Technology
Network Engineer III,Information Technology
Network Engineer Lead,Information Technology
Network Engineer Spec,Information Technology
Network Engineer Sr,Information Technology
Nurse Practitioner,Health
Nurse Practitioner Supervisor,Health
Nurse Supervisor II,Health
Nurse Supv I,Health
Nurse Supv II,Health
Ombudsperson,Administration
Online Marketing Manager,Communications/Marketing
P.E. Instructor,Athletics
P.E. Manager II,Athletics
Pharmacist,Health
Photo Specialist,Communications/Marketing
Phys Therapy Supv,Health
Physical Therapist,Health
Physical Therapy Assistant,Health
Physical Therapy Supervisor,Health
Physician,Health
Plan/ Research Assoc I,Fin/Budget/Planning
Plan/ Research Assoc II,Fin/Budget/Planning
Planning/Research Associate I,Fin/Budget/Planning
Planning/Research Associate II,Fin/Budget/Planning
Post Dr Assoc,Academic Other
Postdoctoral Associate,Academic Other
President,Academic Administrative
President Emeritus,Administration
Principal GIfts Ofcr,Alumni Affairs Development
Principal Investment Analyst,Fin/Budget/Planning
Principal Research Scientist,Research/Extension
Print Prod Assoc II,Communications/Marketing
Print Prod Coord,Communications/Marketing
Producer,Communications/Marketing
Prof Adj,Academic Other
Prof Adj Assoc,Academic Other
Prof Adj Asst,Academic Other
Prof Assoc,Professorial
Prof Assoc Vis,Academic Other
Prof Asst,Professorial
Prof Asst Visit,Academic Other
Prof Courtesy,Academic Other
Prof Leading,Professorial
Prof Visiting,Academic Other
Professor,Professorial
Professor Assistant Courtesy,Academic Other
Professor Associate Courtesy,Academic Other
Prog Analyst II,Information Technology
Prog Analyst III,Information Technology
Prog Analyst Lead,Information Technology
Prog Analyst Spec,Information Technology
Prog Analyst Sr,Information Technology
Prog/ Analyst III,Information Technology
Program Coordinator,Student Services
Program Coordinator I,Student Services
Program Coordinator II,Student Services
Program Coordinator III,Student Services
Program Manager,Student Services
Programmer/Analyst II,Information Technology
Programmer/Analyst III,Information Technology
Project Associate I,Administration
Project Associate II,Administration
Project Manager,Administration
Prospect Research Ofcr II,Alumni Affairs Development
Prospect Research Ofcr III,Alumni Affairs Development
Provost,Academic Administrative
Psychiatrist,Health
Public Affairs Ofcr III,Alumni Affairs Development
Public Affairs Ofcr IV,Communications/Marketing
Public Affairs Ofcr V,Communications/Marketing
Public Affairs Officer III,Administration
Public Affairs Officer IV,Communications/Marketing
Public Affairs Officer V,Communications/Marketing
Public Affairs Officer VI,Communications/Marketing
Purchasing Agent II,Administration
Purchasing Agent III,Administration
Purchasing Agent IV,Administration
Purchasing Agent V,Administration
Real Estate Assoc III,Fin/Budget/Planning
Reference Spec,Library/Museum
Reference Specialist,Library/Museum
Res Hall Assoc I,Student Services
Res Hall Assoc II,Student Services
Research Associate,Research/Extension
"Research Associate,Sr",Research/Extension
Research Intern,Miscellaneous Non CRS
Research Intern - paid,Miscellaneous Non CRS
Research Intern - Unpaid,Miscellaneous Non CRS
Research Scientist,Research/Extension
Research Support Spec I,Academic Support
Research Support Spec II,Academic Support
Research Support Spec III,Academic Support
Research Support Spec IV,Academic Support
Research Support Specialist I,Academic Support
Research Support Specialist II,Academic Support
Research Support Specialist III,Academic Support
Research Support Specialist IV,Academic Support
Residence Hall Associate I,Student Services
Retail Manager I,Administration
Retail Manager II,Administration
Retail Supervisor,Administration
Scholar Sr,Academic Other
Scholar Visit,Academic Other
Scientist Sr,Academic Other
Scientist Visit,Academic Other
Senior Assoc Vice President,Administration
Senior Auditor,Fin/Budget/Planning
Senior Consultant/Advisor,Information Technology
Senior Extension Associate,Research/Extension
Senior Investment Officer,Fin/Budget/Planning
Senior Manuscript Editor,Communications/Marketing
Senior Programmer/Analyst,Information Technology
Senior Project Coordinator,Service/Facilities
Senior Project Manager,Administration
Senior Research Associate,Research/Extension
Senior Scholar,Academic Other
Senior Scientist,Academic Other
Senior Vice Provost for Research,Administration
Signal Processing Programmer,Information Technology
small animal intern,Health
Software Engineer IV,Information Technology
Software Engineer V,Information Technology
Sous Chef/TSS,Student Services
Special Assistant to Provost,Academic Administrative
Special Assistant to the Provost,Administration
Special Events Manager - Pres. Office,Administration
Special Events Mgr-Pres Ofc,Administration
Speech Writer-President,Communications/Marketing
Sr Director Facilities,Service/Facilities
Sr Investment Officer,Fin/Budget/Planning
Sr Resident,Health
Sr Vice Provost,Academic Administrative
Sr Vice Provost for Research,Academic Support
Staff Nurse,Health
Staff Writer I,Communications/Marketing
Staff Writer II,Communications/Marketing
Staff Writer III,Communications/Marketing
Stewardship Ofcr I,Alumni Affairs Development
Stewardship Ofcr II,Alumni Affairs Development
Stewardship Ofcr III,Alumni Affairs Development
Stewardship Ofcr IV,Alumni Affairs Development
Student Services Associate I,Student Services
Student Services Associate I - Admissions,Student Services
Student Services Associate II,Student Services
Student Services Associate II - Financial Aid,Student Services
Student Services Associate III,Student Services
Student Services Associate III - Admissions,Student Services
Student Services Associate III - Financial Aid,Student Services
Student Services Associate IV,Student Services
Student Services Associate IV - Admissions,Student Services
Student Services Associate V,Student Services
Student Services Associate V - Financial Aid,Student Services
Student Services Associate VI,Student Services
Student Services Associate VI - Admissions,Student Services
Student Services Associate VI - Financial Aid,Student Services
Student Svc Assoc I,Student Services
Student Svc Assoc I-Admiss,Student Services
Student Svc Assoc I-FinAid,Student Services
Student Svc Assoc II,Student Services
Student Svc Assoc II-Admiss,Student Services
Student Svc Assoc II-FinAid,Student Services
Student Svc Assoc III,Student Services
Student Svc Assoc III-Admiss,Student Services
Student Svc Assoc III-FinAid,Student Services
Student Svc Assoc IV,Student Services
Student Svc Assoc IV-Admiss,Student Services
Student Svc Assoc V,Student Services
Student Svc Assoc V-Admiss,Student Services
Student Svc Assoc V-FinAid,Student Services
Student Svc Assoc VI,Student Services
Student Svc Assoc VI-Admiss,Student Services
Student Svc Assoc VI-FinAid,Student Services
Superintendent,Service/Facilities
Supv Facilities,Service/Facilities
Supv Facilities I,Service/Facilities
Supv Facilities II,Service/Facilities
Supv Farm II,Service/Facilities
Supv Museum Security,Library/Museum
Supv Retail,Administration
Systems Administrator II,Information Technology
Systems Administrator III,Information Technology
Systems Administrator IV,Information Technology
Systems Engineer III,Information Technology
Systems Engineer IV,Information Technology
Systems Engineer V,Information Technology
Teach Assoc,Teaching
Teaching Assoc,Teaching
Teaching Associate,Teaching
Teaching Supp Spec II,Academic Support
Teaching Supp Spec III,Academic Support
Teaching Supp Spec IV,Academic Support
Teaching Supp Spec V,Academic Support
Teaching Support Specialist II,Academic Support
Teaching Support Specialist III,Academic Support
Teaching Support Specialist IV,Academic Support
TEC Director,Administration
TEC Manager,Administration
TEC Professional,Administration
TEC Specialist,Administration
Tech Svcs Supv I,Academic Support
Tech Svcs Supv II,Academic Support
Technical Services Manager,Academic Support
Technical Services Supervisor I,Academic Support
Technical Services Supervisor II,Academic Support
Theatre Manager,Administration
"Treasurer, Assistant",Fin/Budget/Planning
Trust Ofcr III,Alumni Affairs Development
Trust Officer III,Fin/Budget/Planning
University Auditor,Fin/Budget/Planning
University Counsel,Administration
University Registrar,Student Services
User Interface/Exp Spec II,Information Technology
User Interface/Exp Spec III,Information Technology
User Interface/Exp Spec IV,Information Technology
Vet Intern,Health
Vet Resident,Health
"Vet Tech, Section Supervisor",Health
Veterinarian,Health
Vice President,Administration
Vice Provost,Academic Administrative
Vice Provost Assoc,Academic Administrative
Visiting Critic,Academic Other
Visiting Scholar,Titles - Puerto Rico
Visiting Scientist,Academic Other
Visiting Scientist-unpaid,Academic Other
Visiting Veterinarian,Health
VP Finance and CFO,Fin/Budget/Planning
VP for Planning & Budget,Fin/Budget/Planning
VP Government/Community Relations,Administration
VP Govt/Community Relations,Administration
VP Human Resources,Human Resources
VP Info Tech,Information Technology
VP Information Technology,Administration
VP Pub Affairs,Alumni Affairs Development
VP Public Affairs,Administration
VP Serv/ Facilities,Service/Facilities
VP Services/Facilities,Administration
VP Student & Acad Svcs,Student Services
VP Univ Relations,Communications/Marketing
VP University Communications,Communications/Marketing
Web Designer II,Communications/Marketing
Web Designer III,Communications/Marketing
Sous Chef,Service/Facilities
Instr Visiting,Academic Other
Ag. Exp. Stations Comm. Ofcr.,Communications/Marketing
Senior Operations Manager,Academic Support
Italian Visiting Critics,Academic Other
Semantic Applications Program,Information Technology
Dining Manager-Pub,Service/Facilities
Teach Associate,Teaching
Major Gifts Associate,Alumni Affairs Development
Engineer/Architect I,Service/Facilities
Programmer/Analyst Specialist,Information Technology
