Dean,Academic Administrative
Dean Academic,Academic Administrative
Dean Assoc,Academic Administrative
Dean Grad School,Academic Administrative
Dept Chairperson,Academic Administrative
Dept Chairperson Acting,Academic Administrative
"Dept. Chairperson, Assoc",Academic Administrative
Dir Acad,Academic Administrative
Dir Assistant Acad,Academic Administrative
Dir Assoc,Academic Administrative
Dir Assoc Acad,Academic Administrative
Director,Academic Administrative
President,Academic Administrative
Provost,Academic Administrative
Special Assistant to Provost,Academic Administrative
Sr Vice Provost,Academic Administrative
Vice Provost,Academic Administrative
Vice Provost Assoc,Academic Administrative
Andrew D. White Prof-At-Large,Academic Other
Asst Clinical Prof Visiting,Academic Other
Courtesy Instructor,Academic Other
Critic Visiting,Academic Other
Executives In Residence,Academic Other
Fellow Postdoc,Academic Other
Fellow Provost,Academic Other
Fellow Visiting,Academic Other
Graduate Student,Academic Other
Instructor Courtesy,Academic Other
Instructor Visiting,Academic Other
Lect Visit Sr,Academic Other
Lecturer Courtesy,Academic Other
Lecturer Courtesy Sr,Academic Other
Lecturer Visit,Academic Other
Lecturer Visit Sr,Academic Other
Post Dr Assoc,Academic Other
Postdoctoral Associate,Academic Other
Prof Adj,Academic Other
Prof Adj Assoc,Academic Other
Prof Adj Asst,Academic Other
Prof Assoc Vis,Academic Other
Prof Asst Visit,Academic Other
Prof Courtesy,Academic Other
Prof Visiting,Academic Other
Professor Assistant Courtesy,Academic Other
Professor Associate Courtesy,Academic Other
Scholar Sr,Academic Other
Scholar Visit,Academic Other
Scientist Sr,Academic Other
Scientist Visit,Academic Other
Senior Scholar,Academic Other
Senior Scientist,Academic Other
Visiting Critic,Academic Other
Visiting Scientist,Academic Other
Visiting Scientist-unpaid,Academic Other
Dir Adv Technology Assessment,Academic Support
Dir Operations,Academic Support
Extension Supp Spec I,Academic Support
Extension Supp Spec II,Academic Support
Extension Supp Spec III,Academic Support
Extension Supp Spec IV,Academic Support
Greenhouse and Grounds Manager,Academic Support
Mgr Tech Svcs,Academic Support
Research Support Spec I,Academic Support
Research Support Spec II,Academic Support
Research Support Spec III,Academic Support
Research Support Spec IV,Academic Support
Research Support Specialist I,Academic Support
Research Support Specialist II,Academic Support
Research Support Specialist III,Academic Support
Research Support Specialist IV,Academic Support
Sr Vice Provost for Research,Academic Support
Teaching Supp Spec II,Academic Support
Teaching Supp Spec III,Academic Support
Teaching Supp Spec IV,Academic Support
Teaching Supp Spec V,Academic Support
Teaching Support Specialist II,Academic Support
Teaching Support Specialist III,Academic Support
Teaching Support Specialist IV,Academic Support
Tech Svcs Supv I,Academic Support
Tech Svcs Supv II,Academic Support
Technical Services Manager,Academic Support
Technical Services Supervisor I,Academic Support
Technical Services Supervisor II,Academic Support
Administrative Manager,Administration
Administrator I,Administration
Administrator II,Administration
Administrator III,Administration
Administrator IV,Administration
Administrator V,Administration
Administrator VI,Administration
Administrator VII,Administration
Assistant Ombudsperson,Administration
Assoc Ombudsperson,Administration
Assoc Secretary of the Corp,Administration
Assoc Univ Counsel,Administration
Assoc Vice President,Administration
Associate Judicial Administrator,Administration
Associate Ombudsperson,Administration
Associate University Counsel,Administration
Associate Vice President,Administration
Associate VP / University Treasurer,Administration
Asst Ombudsperson,Administration
Asst Univ Counsel,Administration
College Grant/Cont Ofcr,Administration
College Grant/Contract Officer,Administration
Conference Coordinator II,Administration
Coord Conference II,Administration
Deputy Univ Counsel,Administration
Deputy University Counsel,Administration
Dir Cornell Business Svcs,Administration
Dir Govt Relations,Administration
Dir OSP,Administration
Dir Professional Ed Prog,Administration
Director Cornell Store,Administration
Exec Staff Asst I,Administration
Exec Staff Asst II,Administration
Exec Staff Asst III,Administration
Exec Staff Asst IV,Administration
Executive Staff Assistant I,Administration
Executive Staff Assistant II,Administration
Executive Staff Assistant III,Administration
General Merchandising Mgr,Administration
Governmental Assoc,Administration
Grant Contract Associate,Administration
Grant Contract Ofcr I,Administration
Grant Contract Ofcr II,Administration
Grant Contract Ofcr III,Administration
Judicial Administrator,Administration
Managing Dir-Statler,Administration
Mgr Retail I,Administration
Mgr Retail II,Administration
Ombudsperson,Administration
President Emeritus,Administration
Project Associate I,Administration
Project Associate II,Administration
Project Manager,Administration
Public Affairs Officer III,Administration
Purchasing Agent II,Administration
Purchasing Agent III,Administration
Purchasing Agent IV,Administration
Purchasing Agent V,Administration
Retail Manager I,Administration
Retail Manager II,Administration
Retail Supervisor,Administration
Senior Assoc Vice President,Administration
Senior Vice Provost for Research,Administration
Special Assistant to the Provost,Administration
Special Events Manager - Pres. Office,Administration
Special Events Mgr-Pres Ofc,Administration
Supv Retail,Administration
TEC Manager,Administration
TEC Professional,Administration
TEC Specialist,Administration
Theatre Manager,Administration
University Counsel,Administration
Vice President,Administration
VP Government/Community Relations,Administration
VP Govt/Community Relations,Administration
VP Information Technology,Administration
VP Public Affairs,Administration
VP Services/Facilities,Administration
AAD Program Director I,Alumni Affairs Development
AAD Program Director II,Alumni Affairs Development
Alumni Affrs Ofcr I,Alumni Affairs Development
Alumni Engagement Ofcr I,Alumni Affairs Development
Alumni Engagement Ofcr II,Alumni Affairs Development
Alumni Engagement Ofcr III,Alumni Affairs Development
Alumni Engaggement Ofcr IV,Alumni Affairs Development
Annual Fund Officer II,Alumni Affairs Development
Annual Fund Officer III,Alumni Affairs Development
Annual Fund Officer IV,Alumni Affairs Development
Annual Fund Officer V,Alumni Affairs Development
"Asst. Dir., Class Programs",Alumni Affairs Development
Corporation-Foundation Ofcr II,Alumni Affairs Development
CorporationFoundation Ofcr III,Alumni Affairs Development
CorporationFoundation Ofcr IV,Alumni Affairs Development
CorporationFoundation Ofcr V,Alumni Affairs Development
Development Support Ofcr II,Alumni Affairs Development
Development Support Ofcr III,Alumni Affairs Development
Development Support Ofcr IV,Alumni Affairs Development
Gift Associate II,Alumni Affairs Development
Gift Planning Ofcr III,Alumni Affairs Development
Gift Planning Ofcr IV,Alumni Affairs Development
Gift Planning Ofcr V,Alumni Affairs Development
Major Gifts Ofcr I,Alumni Affairs Development
Major Gifts Ofcr II,Alumni Affairs Development
Major Gifts Ofcr III,Alumni Affairs Development
Major GIfts Ofcr IV,Alumni Affairs Development
Major GIfts Ofcr V,Alumni Affairs Development
Major Gifts Officer,Alumni Affairs Development
Principal GIfts Ofcr,Alumni Affairs Development
Prospect Research Ofcr II,Alumni Affairs Development
Prospect Research Ofcr III,Alumni Affairs Development
Public Affairs Ofcr III,Alumni Affairs Development
Stewardship Ofcr I,Alumni Affairs Development
Stewardship Ofcr II,Alumni Affairs Development
Stewardship Ofcr III,Alumni Affairs Development
Stewardship Ofcr IV,Alumni Affairs Development
Trust Ofcr III,Alumni Affairs Development
VP Pub Affairs,Alumni Affairs Development
Assistant Coach I,Athletics
Assistant Coach II,Athletics
Assistant Golf Course Superintendent,Athletics
Assoc Dir Athletics II,Athletics
Associate Dir Athletics I,Athletics
Asst Coach I,Athletics
Asst Coach II,Athletics
"Asst Coach, M. Track/Field",Athletics
"Asst Coach, W. Fencing",Athletics
"Asst Coach, W. Field Hockey",Athletics
"Asst Coach, W. Softball",Athletics
Asst Golf Course Supt,Athletics
Athletic Operations Admin I,Athletics
Athletic Operations Admin II,Athletics
Athletic Operations Administrator II,Athletics
Athletic Trainer,Athletics
Dir Athletics,Athletics
Golf Course Superintendent,Athletics
Golf Course Supt,Athletics
Head Athletic Trainer,Athletics
Head Coach I,Athletics
Head Coach II,Athletics
"Head Coach, W. Equestrian",Athletics
"Head Coach, W. Volleyball",Athletics
Head Golf Pro,Athletics
Instructor Pe,Athletics
Mgr Pe II,Athletics
P.E. Instructor,Athletics
P.E. Manager II,Athletics
Communication Manager I,Communications/Marketing
Communication Manager II,Communications/Marketing
Communication Mgr I,Communications/Marketing
Communication Mgr II,Communications/Marketing
Communication Spec II,Communications/Marketing
Communication Spec III,Communications/Marketing
Communication Specialist II,Communications/Marketing
Communication Specialist III,Communications/Marketing
Dir Sales Mktg,Communications/Marketing
Dir Univ Press,Communications/Marketing
Editor II,Communications/Marketing
Editor III,Communications/Marketing
Editor IV,Communications/Marketing
Graphic Designer II,Communications/Marketing
Graphic Designer III,Communications/Marketing
Managing Editor,Communications/Marketing
Mgr Publ I,Communications/Marketing
Mgr Publ II,Communications/Marketing
Mgr Sales Mktg,Communications/Marketing
Multi Media Associate,Communications/Marketing
Multimedia Editor,Communications/Marketing
Multimedia Producer,Communications/Marketing
Multimedia Senior Producer,Communications/Marketing
Online Marketing Manager,Communications/Marketing
Photo Specialist,Communications/Marketing
Print Prod Assoc II,Communications/Marketing
Print Prod Coord,Communications/Marketing
Producer,Communications/Marketing
Public Affairs Ofcr IV,Communications/Marketing
Public Affairs Ofcr V,Communications/Marketing
Public Affairs Officer IV,Communications/Marketing
Public Affairs Officer V,Communications/Marketing
Senior Manuscript Editor,Communications/Marketing
Senior Project Manager,Communications/Marketing
Speech Writer-President,Communications/Marketing
Staff Writer I,Communications/Marketing
Staff Writer II,Communications/Marketing
Staff Writer III,Communications/Marketing
VP Univ Relations,Communications/Marketing
VP University Communications,Communications/Marketing
Web Designer II,Communications/Marketing
Web Designer III,Communications/Marketing
Assoc Bursar,Fin/Budget/Planning
Assoc Controller,Fin/Budget/Planning
Assoc Dir Investment,Fin/Budget/Planning
Assoc VP/Univ Treasurer,Fin/Budget/Planning
Associate Bursar,Fin/Budget/Planning
Asst Bursar,Fin/Budget/Planning
Asst Dir Payroll,Fin/Budget/Planning
Audit Director,Fin/Budget/Planning
Audit Manager,Fin/Budget/Planning
Bursar,Fin/Budget/Planning
Chief Investment Officer,Fin/Budget/Planning
Controller,Fin/Budget/Planning
Data Analyst II,Fin/Budget/Planning
Dir Cash Mgmt,Fin/Budget/Planning
Dir Financial Research Admin,Fin/Budget/Planning
Dir Payroll,Fin/Budget/Planning
Dir Plan/Research,Fin/Budget/Planning
Dir Real Estate,Fin/Budget/Planning
Dir Risk Management,Fin/Budget/Planning
Dir Space Planning,Fin/Budget/Planning
Finance Manager I,Fin/Budget/Planning
Finance Manager II,Fin/Budget/Planning
Finance Manager III,Fin/Budget/Planning
Finance Specialist I,Fin/Budget/Planning
Finance Specialist II,Fin/Budget/Planning
Finance Specialist III,Fin/Budget/Planning
Finance Specialist IV,Fin/Budget/Planning
Financial Analyst,Fin/Budget/Planning
Grant/Contract Ofcr III,Fin/Budget/Planning
Grant/Contract Officer I,Fin/Budget/Planning
Grant/Contract Officer II,Fin/Budget/Planning
Investment Analyst,Fin/Budget/Planning
Investment Officer,Fin/Budget/Planning
Manager of Real Estate,Fin/Budget/Planning
Mgr Finance I,Fin/Budget/Planning
Mgr Finance II,Fin/Budget/Planning
Mgr Finance III,Fin/Budget/Planning
Mgr Real Estate,Fin/Budget/Planning
Plan/ Research Assoc I,Fin/Budget/Planning
Plan/ Research Assoc II,Fin/Budget/Planning
Planning/Research Associate I,Fin/Budget/Planning
Planning/Research Associate II,Fin/Budget/Planning
Principal Investment Analyst,Fin/Budget/Planning
Real Estate Assoc III,Fin/Budget/Planning
Senior Auditor,Fin/Budget/Planning
Senior Investment Officer,Fin/Budget/Planning
Sr Investment Officer,Fin/Budget/Planning
"Treasurer, Assistant",Fin/Budget/Planning
Trust Officer III,Fin/Budget/Planning
University Auditor,Fin/Budget/Planning
VP Finance and CFO,Fin/Budget/Planning
VP for Planning & Budget,Fin/Budget/Planning
Assoc Dir Psych Svcs,Health
CFC Staffing Coordinator,Health
Counselor Therapist I,Health
Counselor Therapist II,Health
Dir Health Svcs,Health
Dir Psych Svcs,Health
Director CARE,Health
Gannett Resident,Health
Head Pharmacist,Health
Health Educator I,Health
Health Educator II,Health
Instructor Wellness Fitness,Health
Mgr Wellness Fitness,Health
Nurse Practitioner,Health
Nurse Practitioner Supervisor,Health
Nurse Supervisor II,Health
Nurse Supv I,Health
Nurse Supv II,Health
Pharmacist,Health
Phys Therapy Supv,Health
Physical Therapist,Health
Physical Therapy Assistant,Health
Physical Therapy Supervisor,Health
Physician,Health
Psychiatrist,Health
small animal intern,Health
Staff Nurse,Health
Vet Intern,Health
Vet Resident,Health
"Vet Tech, Section Supervisor",Health
Veterinarian,Health
Visiting Veterinarian,Health
College/Unit HR Manager,Human Resources
Diversity/Inclusion Spec II,Human Resources
Diversity/Inclusion Spec III,Human Resources
Diversity/Inclusion Spec IV,Human Resources
HR Director - College/Unit,Human Resources
HR Director I - Subj Spec,Human Resources
HR Director II - Subj Spec,Human Resources
HR Generalist II,Human Resources
HR Generalist III,Human Resources
HR Generalist IV,Human Resources
HR Manager-College/Unit,Human Resources
HR Subject Specialist  II,Human Resources
HR Subject Specialist III,Human Resources
HR Subject Specialist IV,Human Resources
VP Human Resources,Human Resources
Applications Programmer II,Information Technology
Applications Programmer III,Information Technology
Applications Programmer IV,Information Technology
Applications Sys Analyst II,Information Technology
Applications Sys Analyst III,Information Technology
Applications Sys Analyst IV,Information Technology
Business Intelligence Eng III,Information Technology
Business Intelligence Eng IV,Information Technology
Business Intelligence Eng V,Information Technology
Consultant/Advisor II,Information Technology
Consultant/Advisor III,Information Technology
Consultant/Advisor Lead,Information Technology
Consultant/Advisor Spec,Information Technology
Consultant/Advisor Specialist,Information Technology
Consultant/Advisor Sr,Information Technology
Database Administrator III,Information Technology
Database Administrator IV,Information Technology
Dir Info Tech,Information Technology
Director IT Audit,Information Technology
Info Tech Area Manager I,Information Technology
Info Tech Area Manager II,Information Technology
Info Tech Area Mgr I,Information Technology
Info Tech Area Mgr II,Information Technology
Info Tech Assoc Dir,Information Technology
Info Tech Asst Dir I,Information Technology
Info Tech Asst Dir II,Information Technology
Info Tech Engineer Spec,Information Technology
Info Tech Engineer Specialist,Information Technology
Info Tech Engineer Sr,Information Technology
Instructional Tech Spec II,Information Technology
Instructional Tech Spec III,Information Technology
Instructional Tech Spec IV,Information Technology
IT Business Analyst III,Information Technology
IT Business Analyst IV,Information Technology
IT Operations Mgr I,Information Technology
IT Operations Mgr II,Information Technology
IT Operations Supv,Information Technology
IT Project Manager III,Information Technology
IT Project Manager IV,Information Technology
IT Project Manager V,Information Technology
IT Security Engineer III,Information Technology
IT Security Engineer IV,Information Technology
IT Security Engineer V,Information Technology
IT Support Assoc II,Information Technology
IT Support Assoc III,Information Technology
IT Support Associate II,Information Technology
IT Support Associate III,Information Technology
IT Technical Writer III,Information Technology
Network Engineer II,Information Technology
Network Engineer III,Information Technology
Network Engineer Lead,Information Technology
Network Engineer Spec,Information Technology
Network Engineer Sr,Information Technology
Prog Analyst II,Information Technology
Prog Analyst III,Information Technology
Prog Analyst Lead,Information Technology
Prog Analyst Spec,Information Technology
Prog Analyst Sr,Information Technology
Prog/ Analyst III,Information Technology
Programmer/Analyst II,Information Technology
Programmer/Analyst III,Information Technology
Senior Consultant/Advisor,Information Technology
Senior Programmer/Analyst,Information Technology
Signal Processing Programmer,Information Technology
Software Engineer IV,Information Technology
Software Engineer V,Information Technology
Systems Administrator II,Information Technology
Systems Administrator III,Information Technology
Systems Administrator IV,Information Technology
Systems Engineer III,Information Technology
Systems Engineer IV,Information Technology
Systems Engineer V,Information Technology
User Interface/Exp Spec II,Information Technology
User Interface/Exp Spec III,Information Technology
User Interface/Exp Spec IV,Information Technology
VP Info Tech,Information Technology
Archiv Assoc I,Library - Academic
Archiv Asst,Library - Academic
Archiv I,Library - Academic
Archiv II,Library - Academic
Librarian I,Library - Academic
Librarian II,Library - Academic
"Librarian, Assistant",Library - Academic
Library Assoc I,Library - Academic
Library Assoc II,Library - Academic
Library Assoc Univ,Library - Academic
Library Sr Asst,Library - Academic
Library Univ,Library - Academic
Cataloger,Library/Museum
Chief Preparator,Library/Museum
Collections Specialist II,Library/Museum
Conservation Spec,Library/Museum
Curator I,Library/Museum
Curator II,Library/Museum
Library Administrator II,Library/Museum
Library Administrator III,Library/Museum
Museum Assoc I,Library/Museum
Museum Assoc II,Library/Museum
Museum Associate I,Library/Museum
Museum Associate II,Library/Museum
Museum Security Supervisor,Library/Museum
Reference Spec,Library/Museum
Reference Specialist,Library/Museum
Supv Museum Security,Library/Museum
Research Intern,Miscellaneous Non CRS
Research Intern - Unpaid,Miscellaneous Non CRS
Assistant Clinical Professor,Professorial
Assoc Clinical Professor,Professorial
Clinical Professor,Professorial
Prof Assoc,Professorial
Prof Asst,Professorial
Prof Leading,Professorial
Professor,Professorial
4-H Extension Associate,Research/Extension
Extension Associate,Research/Extension
"Extension Associate,Sr",Research/Extension
Extension Support Specialist I,Research/Extension
Extension Support Specialist II,Research/Extension
Extension Support Specialist III,Research/Extension
Principal Research Scientist,Research/Extension
Research Associate,Research/Extension
"Research Associate,Sr",Research/Extension
Research Scientist,Research/Extension
Senior Extension Associate,Research/Extension
Senior Research Associate,Research/Extension
Asst Superintendent,Service/Facilities
Chief Cornell Police,Service/Facilities
Coord Projects III,Service/Facilities
Coordinator of Projects III,Service/Facilities
Deputy Chief Cornell Police,Service/Facilities
Dir Facilities I,Service/Facilities
Director Facilities,Service/Facilities
Engineer Architect I,Service/Facilities
Engineer Architect II,Service/Facilities
Engineer/Architect Manager,Service/Facilities
Environ Health Spec I,Service/Facilities
Environ Health Spec II,Service/Facilities
Environ Health Spec III,Service/Facilities
Environmental Health Specialist I,Service/Facilities
Estimator,Service/Facilities
Facilities Coord Projects II,Service/Facilities
Facilities Coord Projects III,Service/Facilities
Facilities Designer I,Service/Facilities
Facilities Designer II,Service/Facilities
Facilities Manager I,Service/Facilities
Facilities Manager II,Service/Facilities
Facilities Mgr Projects I,Service/Facilities
Facilities Mgr Projects II,Service/Facilities
Facilities Supervisor I,Service/Facilities
Farm Supervisor II,Service/Facilities
Landscape Architect I,Service/Facilities
Lieutenant Cornell Police,Service/Facilities
Maintenance Services Manager,Service/Facilities
Mgr Facilities I,Service/Facilities
Mgr Facilities II,Service/Facilities
Mgr Farm I,Service/Facilities
Mgr Farm II,Service/Facilities
Mgr Maint Svcs,Service/Facilities
Senior Project Coordinator,Service/Facilities
Sr Director Facilities,Service/Facilities
Superintendent,Service/Facilities
Supv Facilities,Service/Facilities
Supv Facilities I,Service/Facilities
Supv Facilities II,Service/Facilities
Supv Farm II,Service/Facilities
VP Serv/ Facilities,Service/Facilities
Area Coord Res Life,Student Services
Assistant Registrar,Student Services
Assoc Dean-Continuing Ed,Student Services
Assoc Judicial Admin,Student Services
"Asst Mgr, Banquets",Student Services
Chef I,Student Services
Chef II,Student Services
Chef III,Student Services
Chef Manager,Student Services
Coord Program I,Student Services
Coord Program II,Student Services
Coord Program III,Student Services
Dean of Students,Student Services
Deputy Judicial Administrator,Student Services
Dining Assoc I,Student Services
Dining Assoc II,Student Services
Dining Assoc III,Student Services
Dining Assoc IV,Student Services
Dining Associate I,Student Services
Dining Associate II,Student Services
Dining Manager,Student Services
Dir Cornell Career Svcs,Student Services
Dir Program,Student Services
Dir Univ Ministries,Student Services
Director Dining Services,Student Services
Judicial Admin,Student Services
Kosher Dining,Student Services
Mgr Program,Student Services
Program Coordinator,Student Services
Program Coordinator I,Student Services
Program Coordinator II,Student Services
Program Coordinator III,Student Services
Program Manager,Student Services
Res Hall Assoc I,Student Services
Res Hall Assoc II,Student Services
Residence Hall Associate I,Student Services
Sous Chef/TSS,Student Services
Student Services Associate I,Student Services
Student Services Associate I - Admissions,Student Services
Student Services Associate II,Student Services
Student Services Associate II - Financial Aid,Student Services
Student Services Associate III,Student Services
Student Services Associate III - Admissions,Student Services
Student Services Associate III - Financial Aid,Student Services
Student Services Associate IV,Student Services
Student Services Associate IV - Admissions,Student Services
Student Services Associate V,Student Services
Student Services Associate V - Financial Aid,Student Services
Student Services Associate VI,Student Services
Student Services Associate VI - Admissions,Student Services
Student Services Associate VI - Financial Aid,Student Services
Student Svc Assoc I,Student Services
Student Svc Assoc I-Admiss,Student Services
Student Svc Assoc I-FinAid,Student Services
Student Svc Assoc II,Student Services
Student Svc Assoc II-Admiss,Student Services
Student Svc Assoc II-FinAid,Student Services
Student Svc Assoc III,Student Services
Student Svc Assoc III-Admiss,Student Services
Student Svc Assoc III-FinAid,Student Services
Student Svc Assoc IV,Student Services
Student Svc Assoc IV-Admiss,Student Services
Student Svc Assoc V,Student Services
Student Svc Assoc V-Admiss,Student Services
Student Svc Assoc V-FinAid,Student Services
Student Svc Assoc VI,Student Services
Student Svc Assoc VI-Admiss,Student Services
Student Svc Assoc VI-FinAid,Student Services
University Registrar,Student Services
VP Student & Acad Svcs,Student Services
Instructor,Teaching
Lecturer,Teaching
Lecturer Sr,Teaching
Teach Assoc,Teaching
Teaching Assoc,Teaching
Teaching Associate,Teaching
Administrator III-PR,Titles - Puerto Rico
Visiting Scholar,Titles - Puerto Rico
